<?xml version="1.0" encoding="UTF-8"?>
<project-private xmlns="http://www.netbeans.org/ns/project-private/1">
    <editor-bookmarks xmlns="http://www.netbeans.org/ns/editor-bookmarks/2" lastBookmarkId="0"/>
    <open-files xmlns="http://www.netbeans.org/ns/projectui-open-files/2">
        <group>
            <file>file:/D:/My%20Documents/221496060/ClassListWebApp/web/index.html</file>
            <file>file:/D:/My%20Documents/221496060/ClassListWebApp/web/view_all_outcome.jsp</file>
            <file>file:/D:/My%20Documents/221496060/ClassListWebApp/web/menu.html</file>
            <file>file:/D:/My%20Documents/221496060/ClassListWebApp/web/search_outcome.jsp</file>
        </group>
    </open-files>
</project-private>
